[
  {
    "id": "64a88c46-6665-44b8-b19f-251d65bbd0a7",
    "data": [
      {
        "text": "Yes,  I would like to know who to contact for assistance.",
        "userDefined": false
      }
    ],
    "isTemplate": false,
    "count": 0,
    "lang": "en",
    "updated": 0
  },
  {
    "id": "9f44b8c6-9361-4529-a482-dc3dbbeabe4d",
    "data": [
      {
        "text": "Who do I call with questions for my application?",
        "userDefined": false
      }
    ],
    "isTemplate": false,
    "count": 0,
    "lang": "en",
    "updated": 0
  },
  {
    "id": "917808b3-81f0-4397-87f8-22a045a83634",
    "data": [
      {
        "text": "Who can I call for assistance on my application?​",
        "userDefined": false
      }
    ],
    "isTemplate": false,
    "count": 0,
    "lang": "en",
    "updated": 0
  },
  {
    "id": "13af1e85-310b-4d27-a41c-b7cee099067f",
    "data": [
      {
        "text": "Application Contact Support",
        "userDefined": false
      }
    ],
    "isTemplate": false,
    "count": 0,
    "lang": "en",
    "updated": 0
  }
]