[
  {
    "id": "7b5f1125-8808-4142-b7d7-2fd0591a3848",
    "data": [
      {
        "text": "How long does a walk-in application take?",
        "userDefined": false
      }
    ],
    "isTemplate": false,
    "count": 0,
    "lang": "en",
    "updated": 0
  },
  {
    "id": "5191fbad-1280-4b0b-af72-1106adf46e78",
    "data": [
      {
        "text": "How long is the application?",
        "userDefined": false
      }
    ],
    "isTemplate": false,
    "count": 0,
    "lang": "en",
    "updated": 0
  },
  {
    "id": "c6c0b978-e4f2-4681-a8ed-5914ac72e046",
    "data": [
      {
        "text": "How long does an online application take?",
        "userDefined": false
      }
    ],
    "isTemplate": false,
    "count": 0,
    "lang": "en",
    "updated": 0
  },
  {
    "id": "f40c5300-1ee6-4b9f-8c55-13ea79e8a6fe",
    "data": [
      {
        "text": "Estimated Application Completion Time",
        "userDefined": false
      }
    ],
    "isTemplate": false,
    "count": 0,
    "lang": "en",
    "updated": 0
  }
]