[
  {
    "id": "faf8fbcf-ca5b-417e-baa8-85d107bdfe8f",
    "data": [
      {
        "text": "What documents should I take?",
        "userDefined": false
      }
    ],
    "isTemplate": false,
    "count": 0,
    "lang": "en",
    "updated": 0
  },
  {
    "id": "aea0e050-0386-4315-8dec-8c0a7bc9e62b",
    "data": [
      {
        "text": "Which documents do I need to apply?",
        "userDefined": false
      }
    ],
    "isTemplate": false,
    "count": 0,
    "lang": "en",
    "updated": 0
  },
  {
    "id": "64478d57-6f57-4f15-8698-3bc5f672bd26",
    "data": [
      {
        "text": "Which information do I need to provide to complete the application process?",
        "userDefined": false
      }
    ],
    "isTemplate": false,
    "count": 0,
    "lang": "en",
    "updated": 0
  },
  {
    "id": "2f091bee-af45-4297-ac8d-e233bded9bf7",
    "data": [
      {
        "text": "Information Required",
        "userDefined": false
      }
    ],
    "isTemplate": false,
    "count": 0,
    "lang": "en",
    "updated": 0
  }
]