[
  {
    "id": "2448daf1-8780-456d-8aa6-8ed7f4edb514",
    "data": [
      {
        "text": "Which programs can I apply for?",
        "userDefined": false
      }
    ],
    "isTemplate": false,
    "count": 0,
    "lang": "en",
    "updated": 0
  },
  {
    "id": "90f3ee77-1c84-4d5e-9db8-47fd9a4bd00d",
    "data": [
      {
        "text": "What programs can I apply for?",
        "userDefined": false
      }
    ],
    "isTemplate": false,
    "count": 0,
    "lang": "en",
    "updated": 0
  },
  {
    "id": "d1a8214c-b483-42d7-82b0-c3944fe8719c",
    "data": [
      {
        "text": "What programs am I eligible for?",
        "userDefined": false
      }
    ],
    "isTemplate": false,
    "count": 0,
    "lang": "en",
    "updated": 0
  },
  {
    "id": "b8bfeb66-514e-4e65-88c3-f8c98050825f",
    "data": [
      {
        "text": "What program can I apply to for assistance?",
        "userDefined": false
      }
    ],
    "isTemplate": false,
    "count": 0,
    "lang": "en",
    "updated": 0
  },
  {
    "id": "b64f356d-ab6d-437f-8bb2-c1c99a591874",
    "data": [
      {
        "text": "What benefits can I apply for?",
        "userDefined": false
      }
    ],
    "isTemplate": false,
    "count": 0,
    "lang": "en",
    "updated": 0
  },
  {
    "id": "2bf7817b-875d-402d-afa4-57372572e08c",
    "data": [
      {
        "text": "Programs to Consider",
        "userDefined": false
      }
    ],
    "isTemplate": false,
    "count": 0,
    "lang": "en",
    "updated": 0
  }
]