[
  {
    "id": "febce90f-fc65-4ce3-927b-27b733038d72",
    "data": [
      {
        "text": "Can I visit an APD office during COVID?",
        "userDefined": false
      }
    ],
    "isTemplate": false,
    "count": 0,
    "lang": "en",
    "updated": 0
  },
  {
    "id": "736efe31-36ad-4de3-983e-20b78d68ebe6",
    "data": [
      {
        "text": "Can I visit a AAA office during COVID?",
        "userDefined": false
      }
    ],
    "isTemplate": false,
    "count": 0,
    "lang": "en",
    "updated": 0
  },
  {
    "id": "8f8f52a1-cdba-4053-ac3e-df0863eb9dcf",
    "data": [
      {
        "text": "Is visitation to local offices impacted?",
        "userDefined": false
      }
    ],
    "isTemplate": false,
    "count": 0,
    "lang": "en",
    "updated": 0
  },
  {
    "id": "4e173474-68b3-44d7-8de0-15a4e8675ca1",
    "data": [
      {
        "text": "Which offices are open during COVID?",
        "userDefined": false
      }
    ],
    "isTemplate": false,
    "count": 0,
    "lang": "en",
    "updated": 0
  },
  {
    "id": "b4b6928b-c2bd-4c80-b283-b28998dbda47",
    "data": [
      {
        "text": "Are offices open during COVID?",
        "userDefined": false
      }
    ],
    "isTemplate": false,
    "count": 0,
    "lang": "en",
    "updated": 0
  },
  {
    "id": "416cb873-7eab-4b62-926d-727140a5be20",
    "data": [
      {
        "text": "Can I visit a office during COVID?",
        "userDefined": false
      }
    ],
    "isTemplate": false,
    "count": 0,
    "lang": "en",
    "updated": 0
  },
  {
    "id": "c1ddfd5f-5ec7-4d8a-b1f4-188ea38b533c",
    "data": [
      {
        "text": "Office Visit",
        "userDefined": false
      }
    ],
    "isTemplate": false,
    "count": 0,
    "lang": "en",
    "updated": 0
  }
]