[
  {
    "id": "14945e7a-d0d2-4e4a-bc08-c39849d11647",
    "data": [
      {
        "text": "How can I apply?",
        "userDefined": false
      }
    ],
    "isTemplate": false,
    "count": 0,
    "lang": "en",
    "updated": 0
  },
  {
    "id": "037d5203-852b-4275-a186-b4a6d5ec0ad5",
    "data": [
      {
        "text": "Where can I apply?",
        "userDefined": false
      }
    ],
    "isTemplate": false,
    "count": 0,
    "lang": "en",
    "updated": 0
  },
  {
    "id": "039cfacd-db40-4ce3-a4b5-d5e3300babdb",
    "data": [
      {
        "text": "Method for Applying",
        "userDefined": false
      }
    ],
    "isTemplate": false,
    "count": 0,
    "lang": "en",
    "updated": 0
  }
]