[
  {
    "id": "b2623447-4e24-4177-ba0a-2f6ab9461d8a",
    "data": [
      {
        "text": "When will I receive my benefits?",
        "userDefined": false
      }
    ],
    "isTemplate": false,
    "count": 0,
    "lang": "en",
    "updated": 0
  },
  {
    "id": "e1542145-d817-4fd3-b817-e28e6228c588",
    "data": [
      {
        "text": "How long will it take for me to receive benefits?​",
        "userDefined": false
      }
    ],
    "isTemplate": false,
    "count": 0,
    "lang": "en",
    "updated": 0
  },
  {
    "id": "b7b7994f-2ec3-46e9-ba31-94375fe12c86",
    "data": [
      {
        "text": "Estimated to Receive Benefits",
        "userDefined": false
      }
    ],
    "isTemplate": false,
    "count": 0,
    "lang": "en",
    "updated": 0
  }
]