[
  {
    "id": "6a97d714-df45-4d96-97f4-7b47ec6f20c5",
    "data": [
      {
        "text": "domestic violence referrals",
        "userDefined": false
      }
    ],
    "isTemplate": false,
    "count": 0,
    "lang": "en",
    "updated": 0
  },
  {
    "id": "e0472474-0e25-455b-ac99-c43e37f92017",
    "data": [
      {
        "text": "Tell me about domestic violence referrals",
        "userDefined": false
      }
    ],
    "isTemplate": false,
    "count": 0,
    "lang": "en",
    "updated": 0
  },
  {
    "id": "f3af8327-ea64-4aff-8df2-dd0c5c3991e2",
    "data": [
      {
        "text": "DV Referrals",
        "userDefined": false
      }
    ],
    "isTemplate": false,
    "count": 0,
    "lang": "en",
    "updated": 0
  }
]