[
  {
    "id": "a34d44f6-9f6a-46e6-8538-84c756506a97",
    "data": [
      {
        "text": "Who can I talk to if my application was denied?",
        "userDefined": false
      }
    ],
    "isTemplate": false,
    "count": 0,
    "lang": "en",
    "updated": 0
  },
  {
    "id": "1c5baf43-9e07-4e02-9733-0952bb82a5ca",
    "data": [
      {
        "text": "speak with reperesentatove",
        "userDefined": false
      }
    ],
    "isTemplate": false,
    "count": 0,
    "lang": "en",
    "updated": 0
  },
  {
    "id": "0bd871bc-ca4c-47ae-b09e-e60c47621060",
    "data": [
      {
        "text": "Speaking with a representative",
        "userDefined": false
      }
    ],
    "isTemplate": false,
    "count": 0,
    "lang": "en",
    "updated": 0
  }
]