[
  {
    "id": "c7b486ca-088f-4482-8e08-85deb315fb60",
    "data": [
      {
        "text": "What are medical benefits?",
        "userDefined": false
      }
    ],
    "isTemplate": false,
    "count": 1,
    "lang": "en",
    "updated": 0
  },
  {
    "id": "49a7bc93-de88-4f6b-ba80-7e4105a0a5fc",
    "data": [
      {
        "text": "What are medical beenfots?",
        "userDefined": false
      }
    ],
    "isTemplate": false,
    "count": 0,
    "lang": "en",
    "updated": 0
  },
  {
    "id": "739e1d79-9882-4552-a84f-65cb0d04a600",
    "data": [
      {
        "text": "Tell me about Medical Referrals?",
        "userDefined": false
      }
    ],
    "isTemplate": false,
    "count": 0,
    "lang": "en",
    "updated": 0
  },
  {
    "id": "98d26b62-a349-4682-99a5-5e4c8fd155fd",
    "data": [
      {
        "text": "Medical Benefits",
        "userDefined": false
      }
    ],
    "isTemplate": false,
    "count": 0,
    "lang": "en",
    "updated": 0
  }
]