[
  {
    "id": "57ec4dba-17fa-438e-a5ee-676037899eeb",
    "data": [
      {
        "text": "What is hearings?",
        "userDefined": false
      }
    ],
    "isTemplate": false,
    "count": 0,
    "lang": "en",
    "updated": 0
  },
  {
    "id": "f7b20dc1-b145-4b40-bbb7-d6e8a726b108",
    "data": [
      {
        "text": "Tell me about hearings?",
        "userDefined": false
      }
    ],
    "isTemplate": false,
    "count": 0,
    "lang": "en",
    "updated": 0
  },
  {
    "id": "8899b556-e2da-4981-bc32-a45c6d67ef3e",
    "data": [
      {
        "text": "Hearings",
        "userDefined": false
      }
    ],
    "isTemplate": false,
    "count": 0,
    "lang": "en",
    "updated": 0
  }
]