[
  {
    "id": "05cf3b81-9e3d-4892-8d4f-bf406e070ab7",
    "data": [
      {
        "text": "do I need to wait to apply again?",
        "userDefined": false
      }
    ],
    "isTemplate": false,
    "count": 0,
    "lang": "en",
    "updated": 0
  },
  {
    "id": "27ac1a06-a61d-43b5-a885-602539e57338",
    "data": [
      {
        "text": "How long do I need to wait to apply again?",
        "userDefined": false
      }
    ],
    "isTemplate": false,
    "count": 1,
    "lang": "en",
    "updated": 0
  },
  {
    "id": "9420e480-c7ab-42fe-a469-db6c48cf6771",
    "data": [
      {
        "text": "Applying Again",
        "userDefined": false
      }
    ],
    "isTemplate": false,
    "count": 0,
    "lang": "en",
    "updated": 0
  }
]