[
  {
    "id": "b4f30b87-7570-4cfe-80fb-d1164e60db54",
    "data": [
      {
        "text": "replacing EBT card",
        "userDefined": false
      }
    ],
    "isTemplate": false,
    "count": 0,
    "lang": "en",
    "updated": 0
  },
  {
    "id": "c73190d9-89fb-4657-a7d0-c9cfd6d2afad",
    "data": [
      {
        "text": "replace my EBT card",
        "userDefined": false
      }
    ],
    "isTemplate": false,
    "count": 0,
    "lang": "en",
    "updated": 0
  },
  {
    "id": "cbf281d3-0bd4-4d52-9cef-3723518f52cf",
    "data": [
      {
        "text": "How do I replace my EBT card",
        "userDefined": false
      }
    ],
    "isTemplate": false,
    "count": 0,
    "lang": "en",
    "updated": 0
  },
  {
    "id": "a8de3a2c-7cb6-4ccf-a1a2-8d41246c79d7",
    "data": [
      {
        "text": "Replacing an EBT Card",
        "userDefined": false
      }
    ],
    "isTemplate": false,
    "count": 0,
    "lang": "en",
    "updated": 0
  }
]