[
  {
    "id": "209a47c5-1f9d-4e97-ab97-dc1e075bd8bb",
    "data": [
      {
        "text": "food for pets",
        "userDefined": false
      }
    ],
    "isTemplate": false,
    "count": 0,
    "lang": "en",
    "updated": 0
  },
  {
    "id": "425115e3-354f-44fd-a513-de9b4ea9bf8e",
    "data": [
      {
        "text": "pets food",
        "userDefined": false
      }
    ],
    "isTemplate": false,
    "count": 1,
    "lang": "en",
    "updated": 0
  },
  {
    "id": "c246b6f2-c31f-4c66-a9db-93f0db1d02b2",
    "data": [
      {
        "text": "can i get food for my pets",
        "userDefined": false
      }
    ],
    "isTemplate": false,
    "count": 0,
    "lang": "en",
    "updated": 0
  }
]