[
  {
    "id": "615c3400-10b7-4bb2-bb8a-41568ba5d1db",
    "data": [
      {
        "text": "How do I use my food benefits?",
        "userDefined": false
      }
    ],
    "isTemplate": false,
    "count": 0,
    "lang": "en",
    "updated": 0
  },
  {
    "id": "f7a5fb76-c88e-4e33-8c6a-12a2bc397bb0",
    "data": [
      {
        "text": "my policy food benefits",
        "userDefined": false
      }
    ],
    "isTemplate": false,
    "count": 0,
    "lang": "en",
    "updated": 0
  },
  {
    "id": "9e248b94-973a-4a88-a450-08e52614d9c7",
    "data": [
      {
        "text": "where to use my benefits",
        "userDefined": false
      }
    ],
    "isTemplate": false,
    "count": 0,
    "lang": "en",
    "updated": 0
  }
]