[
  {
    "id": "1e130d19-7627-4070-9f5c-c53f5b2ef690",
    "data": [
      {
        "text": "how do i replace my food items",
        "userDefined": false
      }
    ],
    "isTemplate": false,
    "count": 0,
    "lang": "en",
    "updated": 0
  },
  {
    "id": "acb51d47-302d-49ab-9fc4-8a7e3babd278",
    "data": [
      {
        "text": "replace food items",
        "userDefined": false
      }
    ],
    "isTemplate": false,
    "count": 0,
    "lang": "en",
    "updated": 0
  },
  {
    "id": "65b62026-424a-49e1-a862-f1cb75aa2be6",
    "data": [
      {
        "text": "how to replace food",
        "userDefined": false
      }
    ],
    "isTemplate": false,
    "count": 0,
    "lang": "en",
    "updated": 0
  },
  {
    "id": "d6407ae9-bc6a-43f1-a280-7b9bf38da8e5",
    "data": [
      {
        "text": "How do I replace my food",
        "userDefined": false
      }
    ],
    "isTemplate": false,
    "count": 0,
    "lang": "en",
    "updated": 0
  },
  {
    "id": "6cc1ce5a-0863-4b78-be65-a61d1a140082",
    "data": [
      {
        "text": "replacing food",
        "userDefined": false
      }
    ],
    "isTemplate": false,
    "count": 0,
    "lang": "en",
    "updated": 0
  }
]