[
  {
    "id": "0098b00b-2719-4874-b0d3-86c72d839df3",
    "data": [
      {
        "text": "SNAP Food Benefits",
        "userDefined": false
      }
    ],
    "isTemplate": false,
    "count": 0,
    "lang": "en",
    "updated": 0
  },
  {
    "id": "597b954f-c24c-47e4-b593-14592556ccf0",
    "data": [
      {
        "text": "How will I get my SNAP food benefits?",
        "userDefined": false
      }
    ],
    "isTemplate": false,
    "count": 0,
    "lang": "en",
    "updated": 0
  },
  {
    "id": "655e82fb-b4cc-4000-87c8-62c7425d88e2",
    "data": [
      {
        "text": "my SNAP food benefits",
        "userDefined": false
      }
    ],
    "isTemplate": false,
    "count": 0,
    "lang": "en",
    "updated": 0
  }
]