[
  {
    "id": "73a7bc83-7e41-4931-8802-7b7e980a5442",
    "data": [
      {
        "text": "pantry location",
        "userDefined": false
      }
    ],
    "isTemplate": false,
    "count": 0,
    "lang": "en",
    "updated": 0
  },
  {
    "id": "0b226324-9b2a-4081-9783-c1c40aa66689",
    "data": [
      {
        "text": "food box location",
        "userDefined": false
      }
    ],
    "isTemplate": false,
    "count": 0,
    "lang": "en",
    "updated": 0
  },
  {
    "id": "f5e548fb-48ff-4571-9868-7840b2473d53",
    "data": [
      {
        "text": "Food box/pantry location",
        "userDefined": false
      }
    ],
    "isTemplate": false,
    "count": 0,
    "lang": "en",
    "updated": 0
  },
  {
    "id": "8b2d1338-77d9-452a-8f5b-ca58aed9c58a",
    "data": [
      {
        "text": "How do I locate my food box or pantry?",
        "userDefined": false
      }
    ],
    "isTemplate": false,
    "count": 0,
    "lang": "en",
    "updated": 0
  }
]