[
  {
    "id": "2505f575-128f-455a-80eb-7ee96bc49a02",
    "data": [
      {
        "text": "with policy what food can I buy ?",
        "userDefined": false
      }
    ],
    "isTemplate": false,
    "count": 0,
    "lang": "en",
    "updated": 0
  },
  {
    "id": "7dae0164-8317-4d1a-ada6-f95630b19503",
    "data": [
      {
        "text": "What food can I buy",
        "userDefined": false
      }
    ],
    "isTemplate": false,
    "count": 0,
    "lang": "en",
    "updated": 0
  },
  {
    "id": "7c5b949d-1abf-4000-980d-8344fb402c9e",
    "data": [
      {
        "text": "Food can I buy",
        "userDefined": false
      }
    ],
    "isTemplate": false,
    "count": 0,
    "lang": "en",
    "updated": 0
  }
]