[
  {
    "id": "4cab5f55-1a41-4876-b099-75aec56c77c2",
    "data": [
      {
        "text": "What do I do if an individual refuses to pay their premium?",
        "userDefined": false
      }
    ],
    "isTemplate": false,
    "count": 0,
    "lang": "en",
    "updated": 0
  },
  {
    "id": "f0b96a93-4408-4418-a24b-669f3cd79196",
    "data": [
      {
        "text": "What if the individual refuses to pay the premium?",
        "userDefined": false
      }
    ],
    "isTemplate": false,
    "count": 0,
    "lang": "en",
    "updated": 0
  },
  {
    "id": "4ff7ceda-d73f-4bc7-8530-51c8c84729b0",
    "data": [
      {
        "text": "What steps should I take if the individual refuses to pay their premium",
        "userDefined": false
      }
    ],
    "isTemplate": false,
    "count": 0,
    "lang": "en",
    "updated": 0
  }
]