[
  {
    "id": "8006a9d4-ad38-4618-97c3-91f560cb56d7",
    "data": [
      {
        "text": "FFM is approved but the case is over income",
        "userDefined": false
      }
    ],
    "isTemplate": false,
    "count": 0,
    "lang": "en",
    "updated": 0
  },
  {
    "id": "694b401b-e29d-4072-a68e-f319e47c1494",
    "data": [
      {
        "text": "Why wasn\u0027t the case denied for over income",
        "userDefined": false
      }
    ],
    "isTemplate": false,
    "count": 0,
    "lang": "en",
    "updated": 0
  },
  {
    "id": "ad5ef00e-2b9e-40ee-b387-cb4eacdede86",
    "data": [
      {
        "text": "Why is FFM approved if the case is over income",
        "userDefined": false
      }
    ],
    "isTemplate": false,
    "count": 0,
    "lang": "en",
    "updated": 0
  },
  {
    "id": "9e4d440b-98e6-46db-a1c1-f81a27ef59d2",
    "data": [
      {
        "text": "Why was FFM approved if the case is over income",
        "userDefined": false
      }
    ],
    "isTemplate": false,
    "count": 0,
    "lang": "en",
    "updated": 0
  }
]