[
  {
    "id": "c520c876-93ef-4ad8-a2c2-a99cfa8ff153",
    "data": [
      {
        "text": "Who should I include in my Medical application?",
        "userDefined": false
      }
    ],
    "isTemplate": false,
    "count": 0,
    "lang": "en",
    "updated": 0
  },
  {
    "id": "7659f81d-79eb-4829-aeb2-5c6772056f53",
    "data": [
      {
        "text": "Who are the people who should be included in my Medical application for benefits?",
        "userDefined": false
      }
    ],
    "isTemplate": false,
    "count": 0,
    "lang": "en",
    "updated": 0
  },
  {
    "id": "ebcdc15b-3cc5-44a5-adbb-ef5fe951666e",
    "data": [
      {
        "text": "Who to include on a Medical application",
        "userDefined": false
      }
    ],
    "isTemplate": false,
    "count": 0,
    "lang": "en",
    "updated": 0
  },
  {
    "id": "fc160f4c-b231-44c1-a42c-752c061cc2a9",
    "data": [
      {
        "text": "Which members of the family should be included in the Medical Application?",
        "userDefined": false
      }
    ],
    "isTemplate": false,
    "count": 0,
    "lang": "en",
    "updated": 0
  },
  {
    "id": "1f852716-e373-4a56-b941-6c4e7e36aa41",
    "data": [
      {
        "text": "Who to Include on the Application",
        "userDefined": false
      }
    ],
    "isTemplate": false,
    "count": 0,
    "lang": "en",
    "updated": 0
  }
]