[
  {
    "id": "2fa862d1-c220-4208-b5f4-3553a7ffacb7",
    "data": [
      {
        "text": "How do I apply for medicare",
        "userDefined": false
      }
    ],
    "isTemplate": false,
    "count": 0,
    "lang": "en",
    "updated": 0
  },
  {
    "id": "274ce787-3a18-44b4-80b6-8523699df06a",
    "data": [
      {
        "text": "Should I apply for medicare",
        "userDefined": false
      }
    ],
    "isTemplate": false,
    "count": 0,
    "lang": "en",
    "updated": 0
  },
  {
    "id": "c4d1675e-407e-4f4a-86a3-a50fb287c07e",
    "data": [
      {
        "text": "Where do I go to get Medicare",
        "userDefined": false
      }
    ],
    "isTemplate": false,
    "count": 0,
    "lang": "en",
    "updated": 0
  },
  {
    "id": "2956181e-76e9-4d29-90d2-9f135a4d1973",
    "data": [
      {
        "text": "Can I apply for Medicare?",
        "userDefined": false
      }
    ],
    "isTemplate": false,
    "count": 0,
    "lang": "en",
    "updated": 0
  },
  {
    "id": "3e6ff91e-84ef-48e6-bddb-f1cc0be80292",
    "data": [
      {
        "text": "Applying for Medicare",
        "userDefined": false
      }
    ],
    "isTemplate": false,
    "count": 0,
    "lang": "en",
    "updated": 0
  }
]