[
  {
    "id": "cf884ae7-ceb9-4a3e-bb43-fba90d778bc8",
    "data": [
      {
        "text": "Which parent should apply for benefits for a child in shared custody?",
        "userDefined": false
      }
    ],
    "isTemplate": false,
    "count": 0,
    "lang": "en",
    "updated": 0
  },
  {
    "id": "12b6f6c1-acf9-4113-92ee-c9cfeb70a9ce",
    "data": [
      {
        "text": "Who should apply for benefits for a child in shared custody?",
        "userDefined": false
      }
    ],
    "isTemplate": false,
    "count": 0,
    "lang": "en",
    "updated": 0
  },
  {
    "id": "62e89eba-7c22-4d23-a6d7-b276248328e4",
    "data": [
      {
        "text": "My child stays with me half the time and their other parent half the time.  Who should apply for benefits?",
        "userDefined": false
      }
    ],
    "isTemplate": false,
    "count": 0,
    "lang": "en",
    "updated": 0
  },
  {
    "id": "57728d8d-bf30-47b3-8290-cab160722d66",
    "data": [
      {
        "text": "Applying for benefits for a child who splits time between parents",
        "userDefined": false
      }
    ],
    "isTemplate": false,
    "count": 0,
    "lang": "en",
    "updated": 0
  },
  {
    "id": "07ef0ec1-5432-4d6a-876b-fe4fff97f8e4",
    "data": [
      {
        "text": "Benefits for a Child in Shared Custody",
        "userDefined": false
      }
    ],
    "isTemplate": false,
    "count": 1,
    "lang": "en",
    "updated": 0
  }
]