[
  {
    "id": "5eb5fe63-037d-407e-8ad4-adac7783e14f",
    "data": [
      {
        "text": "How are medicare and medicaid different",
        "userDefined": false
      }
    ],
    "isTemplate": false,
    "count": 0,
    "lang": "en",
    "updated": 0
  },
  {
    "id": "bf93423f-bc28-421a-b030-05503441c032",
    "data": [
      {
        "text": "What is the difference between Medicare and Medicaid?",
        "userDefined": false
      }
    ],
    "isTemplate": false,
    "count": 0,
    "lang": "en",
    "updated": 0
  },
  {
    "id": "7e4d901a-ed7a-49cd-a583-4b3e59d54fea",
    "data": [
      {
        "text": "How do I know if I should do medicare or medicaid",
        "userDefined": false
      }
    ],
    "isTemplate": false,
    "count": 0,
    "lang": "en",
    "updated": 0
  },
  {
    "id": "83b18888-f971-4a42-856f-3d0a40abecca",
    "data": [
      {
        "text": "Are medicare and medicaid the same",
        "userDefined": false
      }
    ],
    "isTemplate": false,
    "count": 1,
    "lang": "en",
    "updated": 0
  },
  {
    "id": "449a30df-3138-4ea5-b118-5dc290530cd8",
    "data": [
      {
        "text": "Medicare vs. Medicaid",
        "userDefined": false
      }
    ],
    "isTemplate": false,
    "count": 0,
    "lang": "en",
    "updated": 0
  }
]