[
  {
    "id": "fed1b153-07a4-4bb3-9edf-f4318e8728e1",
    "data": [
      {
        "text": "CCO",
        "userDefined": false
      }
    ],
    "isTemplate": false,
    "count": 0,
    "lang": "en",
    "updated": 0
  },
  {
    "id": "d2a79e45-47cf-491d-8ff6-b8ed1b5a29c6",
    "data": [
      {
        "text": "What services can I receive through OHP?",
        "userDefined": false
      }
    ],
    "isTemplate": false,
    "count": 1,
    "lang": "en",
    "updated": 0
  },
  {
    "id": "b4276c81-95c8-4321-91be-a5b63971907f",
    "data": [
      {
        "text": "I need info on CCOs and services offered through OHP",
        "userDefined": false
      }
    ],
    "isTemplate": false,
    "count": 0,
    "lang": "en",
    "updated": 0
  },
  {
    "id": "767bbdc6-92f4-40c7-9fda-efde74fd99a9",
    "data": [
      {
        "text": "CCO Information",
        "userDefined": false
      }
    ],
    "isTemplate": false,
    "count": 0,
    "lang": "en",
    "updated": 0
  },
  {
    "id": "22ddb95f-82be-45e8-a9ab-ca6ef3b06350",
    "data": [
      {
        "text": "Where can I find out more information about Coordinated Care Organizations and what services I can receive through OHP?",
        "userDefined": false
      }
    ],
    "isTemplate": false,
    "count": 0,
    "lang": "en",
    "updated": 0
  }
]