[
  {
    "id": "b0e0b437-e407-4f22-9e6f-e6d67b0895da",
    "data": [
      {
        "text": "Are medicare and medicaid the same",
        "userDefined": false
      }
    ],
    "isTemplate": false,
    "count": 0,
    "lang": "en",
    "updated": 0
  },
  {
    "id": "65d68d1e-1721-4073-8cb8-fd1d85c41dd8",
    "data": [
      {
        "text": "How are medicare and medicaid different",
        "userDefined": false
      }
    ],
    "isTemplate": false,
    "count": 0,
    "lang": "en",
    "updated": 0
  },
  {
    "id": "80ab2a8a-af2e-4b0b-8658-559cccd2d790",
    "data": [
      {
        "text": "How do I know if I should do medicare of medicaid",
        "userDefined": false
      }
    ],
    "isTemplate": false,
    "count": 0,
    "lang": "en",
    "updated": 0
  },
  {
    "id": "a0f3b739-b033-49a5-9c06-1897c52f7334",
    "data": [
      {
        "text": "What is the difference between Medicare and Medicaid?",
        "userDefined": false
      }
    ],
    "isTemplate": false,
    "count": 0,
    "lang": "en",
    "updated": 0
  },
  {
    "id": "ce4dad42-24f1-41ce-ae72-50ae3a4df6e8",
    "data": [
      {
        "text": "Moving Out of ",
        "userDefined": false
      },
      {
        "text": "Oregon",
        "meta": "@sys.ignore",
        "userDefined": false
      }
    ],
    "isTemplate": false,
    "count": 0,
    "lang": "en",
    "updated": 0
  }
]