[
  {
    "id": "ec8a991e-6762-48b3-9fd0-8ae000f60e3f",
    "data": [
      {
        "text": "Does LTC apply to me",
        "userDefined": false
      }
    ],
    "isTemplate": false,
    "count": 0,
    "lang": "en",
    "updated": 0
  },
  {
    "id": "213bccfb-5d8a-43b0-9c59-9c306928dccc",
    "data": [
      {
        "text": "How do I apply for Long Term Care Services?",
        "userDefined": false
      }
    ],
    "isTemplate": false,
    "count": 0,
    "lang": "en",
    "updated": 0
  },
  {
    "id": "3bffa6c0-5280-43cb-84f5-9b09258bbac3",
    "data": [
      {
        "text": "Am I able to get long term services",
        "userDefined": false
      }
    ],
    "isTemplate": false,
    "count": 0,
    "lang": "en",
    "updated": 0
  },
  {
    "id": "2393e027-536e-4d25-b614-cc6abd221f50",
    "data": [
      {
        "text": "Where do I go to apply for long term services",
        "userDefined": false
      }
    ],
    "isTemplate": false,
    "count": 0,
    "lang": "en",
    "updated": 0
  },
  {
    "id": "b72d87ec-32c5-4865-9bf0-533ea465eb8e",
    "data": [
      {
        "text": "Long Term Care Services",
        "userDefined": false
      }
    ],
    "isTemplate": false,
    "count": 0,
    "lang": "en",
    "updated": 0
  }
]