[
  {
    "id": "665a149e-c8cb-482c-bcc5-b50e91cfaeb0",
    "data": [
      {
        "text": "Can I get FFM if I have Oregon Health Plan",
        "userDefined": false
      }
    ],
    "isTemplate": false,
    "count": 0,
    "lang": "en",
    "updated": 0
  },
  {
    "id": "fd693c0d-1e34-4dcd-bbeb-d70f32d985ce",
    "data": [
      {
        "text": "Can I get FFM if I have OHP",
        "userDefined": false
      }
    ],
    "isTemplate": false,
    "count": 0,
    "lang": "en",
    "updated": 0
  },
  {
    "id": "70d9f68f-1c6e-468a-84d3-6971eab3ae50",
    "data": [
      {
        "text": "Can I opt out of OHP and choose to buy through the FFM?",
        "userDefined": false
      }
    ],
    "isTemplate": false,
    "count": 0,
    "lang": "en",
    "updated": 0
  },
  {
    "id": "70be5ad1-9814-4992-888d-3998c83a04d0",
    "data": [
      {
        "text": "Can I get Federally Facilitated Marketplace",
        "userDefined": false
      }
    ],
    "isTemplate": false,
    "count": 0,
    "lang": "en",
    "updated": 0
  },
  {
    "id": "4f6747e8-2523-4b78-bc49-2851e70f804a",
    "data": [
      {
        "text": "Can I stop getting OHP",
        "userDefined": false
      }
    ],
    "isTemplate": false,
    "count": 0,
    "lang": "en",
    "updated": 0
  },
  {
    "id": "d9feaa04-3e59-495e-a8e3-8b89d2534b7c",
    "data": [
      {
        "text": "How do I get FFM when I have OPH",
        "userDefined": false
      }
    ],
    "isTemplate": false,
    "count": 0,
    "lang": "en",
    "updated": 0
  },
  {
    "id": "284e809d-65a2-4866-9274-5828e626b062",
    "data": [
      {
        "text": "Opting Out of OHP",
        "userDefined": false
      }
    ],
    "isTemplate": false,
    "count": 0,
    "lang": "en",
    "updated": 0
  }
]