[
  {
    "id": "39ef7c7c-ea32-4462-bde3-cdcf2178afc4",
    "data": [
      {
        "text": "How is income verified for Medical?",
        "userDefined": false
      }
    ],
    "isTemplate": false,
    "count": 0,
    "lang": "en",
    "updated": 0
  },
  {
    "id": "a91797e4-c92e-44f8-b3db-fea3e0cc0aba",
    "data": [
      {
        "text": "Income verification for Medical",
        "userDefined": false
      }
    ],
    "isTemplate": false,
    "count": 0,
    "lang": "en",
    "updated": 0
  },
  {
    "id": "2be2756b-991b-4df4-b8a8-ced773597be4",
    "data": [
      {
        "text": "Verifying Income for Medical",
        "userDefined": false
      }
    ],
    "isTemplate": false,
    "count": 0,
    "lang": "en",
    "updated": 0
  },
  {
    "id": "bf43a8c3-58a5-44b2-945f-32472e51bd93",
    "data": [
      {
        "text": "How will you verify my income for Medical?",
        "userDefined": false
      }
    ],
    "isTemplate": false,
    "count": 0,
    "lang": "en",
    "updated": 0
  },
  {
    "id": "78f203b5-01ae-4535-9c99-8041c4ec106d",
    "data": [
      {
        "text": "Verifying Income",
        "userDefined": false
      }
    ],
    "isTemplate": false,
    "count": 0,
    "lang": "en",
    "updated": 0
  }
]