[
  {
    "id": "84949060-74c1-4563-bc2a-0deed23cba94",
    "data": [
      {
        "text": "Paying for Medicare",
        "userDefined": false
      }
    ],
    "isTemplate": false,
    "count": 0,
    "lang": "en",
    "updated": 0
  },
  {
    "id": "d85b44c9-b2c7-4464-b7be-3eb412c3d3ae",
    "data": [
      {
        "text": "I can\u0027t afford medicare",
        "userDefined": false
      }
    ],
    "isTemplate": false,
    "count": 0,
    "lang": "en",
    "updated": 0
  },
  {
    "id": "557373e5-169e-4244-9f87-3dee52cc90ef",
    "data": [
      {
        "text": "How do I get medicare if I don\u0027t have the money",
        "userDefined": false
      }
    ],
    "isTemplate": false,
    "count": 0,
    "lang": "en",
    "updated": 0
  },
  {
    "id": "6e1f9950-2119-43bc-9b62-f423314b49bf",
    "data": [
      {
        "text": "How can I get help paying for Medicare?",
        "userDefined": false
      }
    ],
    "isTemplate": false,
    "count": 0,
    "lang": "en",
    "updated": 0
  },
  {
    "id": "9abb2f2c-9d54-48a8-b44e-bb67b1deb93a",
    "data": [
      {
        "text": "Can the state help me pay for medicare",
        "userDefined": false
      }
    ],
    "isTemplate": false,
    "count": 0,
    "lang": "en",
    "updated": 0
  }
]