[
  {
    "id": "0b15a89a-4ac2-4f96-aabb-ed001a12ec52",
    "data": [
      {
        "text": "Reporting changes for Medical",
        "userDefined": false
      }
    ],
    "isTemplate": false,
    "count": 0,
    "lang": "en",
    "updated": 0
  },
  {
    "id": "7488948b-c642-404c-8233-df5aa5055a0a",
    "data": [
      {
        "text": "Which changes need to be reported for medical?",
        "userDefined": false
      }
    ],
    "isTemplate": false,
    "count": 1,
    "lang": "en",
    "updated": 0
  },
  {
    "id": "c8841e2b-9265-42db-baa8-0f332fb8c657",
    "data": [
      {
        "text": "What changes am I required to report for Medical?",
        "userDefined": false
      }
    ],
    "isTemplate": false,
    "count": 0,
    "lang": "en",
    "updated": 0
  },
  {
    "id": "99a8afd8-9215-4046-8028-d59b0b4e4c88",
    "data": [
      {
        "text": "Changes required to be reported for Medical",
        "userDefined": false
      }
    ],
    "isTemplate": false,
    "count": 0,
    "lang": "en",
    "updated": 0
  },
  {
    "id": "703e002d-3852-4d13-8600-eec5c1c7b496",
    "data": [
      {
        "text": "Changes to Report for Medical",
        "userDefined": false
      }
    ],
    "isTemplate": false,
    "count": 0,
    "lang": "en",
    "updated": 0
  }
]