[
  {
    "id": "d1957b48-2724-4d67-9150-f2b06aafbf07",
    "data": [
      {
        "text": "Medical (Case)",
        "userDefined": false
      }
    ],
    "isTemplate": false,
    "count": 0,
    "lang": "en",
    "updated": 0
  },
  {
    "id": "92a066c4-5ab3-449c-8ca7-af0d6da2518d",
    "data": [
      {
        "text": "Yes, back to Medical Case menu.",
        "userDefined": false
      }
    ],
    "isTemplate": false,
    "count": 0,
    "lang": "en",
    "updated": 0
  },
  {
    "id": "22f7f54e-e5fb-4bee-a90e-651372351af7",
    "data": [
      {
        "text": "Medical",
        "userDefined": false
      }
    ],
    "isTemplate": false,
    "count": 0,
    "lang": "en",
    "updated": 0
  }
]