[
  {
    "id": "165f6caf-421c-4055-a583-32e94e0145a1",
    "data": [
      {
        "text": "Why did  I get a task with no hyperlink",
        "userDefined": false
      }
    ],
    "isTemplate": false,
    "count": 0,
    "lang": "en",
    "updated": 0
  },
  {
    "id": "d008ec0b-e835-43a4-83e7-efc1281d6f54",
    "data": [
      {
        "text": "Why did I get a task with blank information",
        "userDefined": false
      }
    ],
    "isTemplate": false,
    "count": 0,
    "lang": "en",
    "updated": 0
  },
  {
    "id": "5a16fa43-b212-4401-b001-8f5b14487dd6",
    "data": [
      {
        "text": "Why isn\u0027t there a hyperlink for my task",
        "userDefined": false
      }
    ],
    "isTemplate": false,
    "count": 0,
    "lang": "en",
    "updated": 0
  },
  {
    "id": "74542ccc-2457-48d4-904b-03dbf83a7420",
    "data": [
      {
        "text": "Why does the task have blank fields",
        "userDefined": false
      }
    ],
    "isTemplate": false,
    "count": 0,
    "lang": "en",
    "updated": 0
  },
  {
    "id": "582db705-f1ae-48df-a0a1-63f3e459c9a0",
    "data": [
      {
        "text": "Why does my task not have a hyperlink?",
        "userDefined": false
      }
    ],
    "isTemplate": false,
    "count": 0,
    "lang": "en",
    "updated": 0
  },
  {
    "id": "d159802a-d212-436c-9696-280eb21bd36d",
    "data": [
      {
        "text": "Blank task with no link",
        "userDefined": false
      }
    ],
    "isTemplate": false,
    "count": 0,
    "lang": "en",
    "updated": 0
  }
]