[
  {
    "id": "7eb44800-c065-45be-a428-b2441e1dce93",
    "data": [
      {
        "text": "pregnancy benefits",
        "userDefined": false
      }
    ],
    "isTemplate": false,
    "count": 0,
    "lang": "en",
    "updated": 0
  },
  {
    "id": "fb432084-da7b-4d56-b6bb-a8cd1417a379",
    "data": [
      {
        "text": "pregnancy women",
        "userDefined": false
      }
    ],
    "isTemplate": false,
    "count": 0,
    "lang": "en",
    "updated": 0
  },
  {
    "id": "59234cf8-790a-4c44-87e4-2d00a1dde351",
    "data": [
      {
        "text": "preg benefits",
        "meta": "@sys.ignore",
        "userDefined": true
      }
    ],
    "isTemplate": false,
    "count": 0,
    "lang": "en",
    "updated": 0
  },
  {
    "id": "6ac3135a-24a8-4a9d-afe9-302d66f1321c",
    "data": [
      {
        "text": "Why didn\u0027t ",
        "userDefined": false
      },
      {
        "text": "preg benefits",
        "meta": "@sys.ignore",
        "userDefined": true
      },
      {
        "text": " terminate after a reporteed increase in income",
        "userDefined": false
      }
    ],
    "isTemplate": false,
    "count": 0,
    "lang": "en",
    "updated": 0
  },
  {
    "id": "cdd86d0b-9149-4c49-a1db-5f8221c26326",
    "data": [
      {
        "text": "Why didn\u0027t the increase in income terminate the ",
        "userDefined": false
      },
      {
        "text": "preg benefits",
        "meta": "@sys.ignore",
        "userDefined": true
      }
    ],
    "isTemplate": false,
    "count": 0,
    "lang": "en",
    "updated": 0
  },
  {
    "id": "f23d15ce-1085-4f41-815a-63a7e0babe58",
    "data": [
      {
        "text": "Why didn\u0027t ",
        "userDefined": false
      },
      {
        "text": "pregnancy benefits",
        "meta": "@sys.ignore",
        "userDefined": true
      },
      {
        "text": " terminate when there was an increase in income",
        "userDefined": false
      }
    ],
    "isTemplate": false,
    "count": 0,
    "lang": "en",
    "updated": 0
  },
  {
    "id": "d0af87ac-f3f4-4565-aa62-82f0f9bba0e8",
    "data": [
      {
        "text": "Why did the ",
        "userDefined": false
      },
      {
        "text": "preg benefits",
        "meta": "@sys.ignore",
        "userDefined": true
      },
      {
        "text": " not terminate for income?",
        "userDefined": false
      }
    ],
    "isTemplate": false,
    "count": 0,
    "lang": "en",
    "updated": 0
  }
]