[
  {
    "id": "7378ac3b-3c66-4910-ac4a-34b12f9c2c2a",
    "data": [
      {
        "text": "Why did the preg benefits not terminate for income?",
        "userDefined": false
      }
    ],
    "isTemplate": false,
    "count": 0,
    "lang": "en",
    "updated": 0
  },
  {
    "id": "0c8cfe02-6b03-431e-9db7-8c20a337ff83",
    "data": [
      {
        "text": "Why didn\u0027t pregnancy benefits terminate when there was an increase in income",
        "userDefined": false
      }
    ],
    "isTemplate": false,
    "count": 0,
    "lang": "en",
    "updated": 0
  },
  {
    "id": "b63515ba-a1ca-41af-887d-5688d8f5e9ad",
    "data": [
      {
        "text": "Why didn\u0027t the increase in income terminate the ",
        "userDefined": false
      },
      {
        "text": "preg benefits",
        "meta": "@pregnant_benefit",
        "alias": "pregnant_benefit",
        "userDefined": false
      }
    ],
    "isTemplate": false,
    "count": 0,
    "lang": "en",
    "updated": 0
  },
  {
    "id": "77775801-e0e2-476c-a580-afec0849c17c",
    "data": [
      {
        "text": "Why didn\u0027t ",
        "userDefined": false
      },
      {
        "text": "preg benefits",
        "meta": "@pregnant_benefit",
        "alias": "pregnant_benefit",
        "userDefined": false
      },
      {
        "text": " terminate after a reporteed increase in income",
        "userDefined": false
      }
    ],
    "isTemplate": false,
    "count": 0,
    "lang": "en",
    "updated": 0
  }
]