[
  {
    "id": "dbd8d023-7c4d-4440-939d-85d4d87b4c66",
    "data": [
      {
        "text": "Why did I get the \"",
        "userDefined": false
      },
      {
        "text": "3005",
        "meta": "@sys.ignore",
        "userDefined": false
      },
      {
        "text": "\" error",
        "userDefined": false
      }
    ],
    "isTemplate": false,
    "count": 0,
    "lang": "en",
    "updated": 0
  },
  {
    "id": "1bf43ad9-6828-4ef6-aec8-7383c496b16e",
    "data": [
      {
        "text": "Why did I get the error message for no sufficient relationship data",
        "userDefined": false
      }
    ],
    "isTemplate": false,
    "count": 0,
    "lang": "en",
    "updated": 0
  },
  {
    "id": "23284ba8-88ed-4f32-9e0b-7d1780a78da8",
    "data": [
      {
        "text": "What is the ",
        "userDefined": false
      },
      {
        "text": "3005",
        "meta": "@sys.ignore",
        "userDefined": false
      },
      {
        "text": " error for",
        "userDefined": false
      }
    ],
    "isTemplate": false,
    "count": 0,
    "lang": "en",
    "updated": 0
  },
  {
    "id": "9e9c8f5f-dbe0-474d-9df9-4ab6feda1974",
    "data": [
      {
        "text": "What does the ",
        "userDefined": false
      },
      {
        "text": "3005",
        "meta": "@sys.ignore",
        "userDefined": false
      },
      {
        "text": " mean",
        "userDefined": false
      }
    ],
    "isTemplate": false,
    "count": 0,
    "lang": "en",
    "updated": 0
  },
  {
    "id": "002bafd2-de35-4e55-bcfd-ceb5e1247aa4",
    "data": [
      {
        "text": "Why am I receiving error message \u0027",
        "userDefined": false
      },
      {
        "text": "3005",
        "meta": "@sys.ignore",
        "userDefined": false
      },
      {
        "text": "\u0027",
        "userDefined": false
      }
    ],
    "isTemplate": false,
    "count": 0,
    "lang": "en",
    "updated": 0
  }
]