[
  {
    "id": "3a3811e5-d806-4c6f-9fae-d7b62de7db17",
    "data": [
      {
        "text": "For children, why aren\u0027t renewal dates updated",
        "userDefined": false
      }
    ],
    "isTemplate": false,
    "count": 0,
    "lang": "en",
    "updated": 0
  },
  {
    "id": "3362dcfa-add5-4ce1-b7e6-6e498df6fcf3",
    "data": [
      {
        "text": "Why wouldn\u0027t renewal dates update for children",
        "userDefined": false
      }
    ],
    "isTemplate": false,
    "count": 0,
    "lang": "en",
    "updated": 0
  },
  {
    "id": "065b7037-a59d-4904-9b67-fa6681c5b473",
    "data": [
      {
        "text": "Why aren\u0027t renewal dates updating for children",
        "userDefined": false
      }
    ],
    "isTemplate": false,
    "count": 0,
    "lang": "en",
    "updated": 0
  },
  {
    "id": "77348d1a-0ef8-41e8-af92-c6228730ddbc",
    "data": [
      {
        "text": "Why are renewal dates not updating for children?",
        "userDefined": false
      }
    ],
    "isTemplate": false,
    "count": 0,
    "lang": "en",
    "updated": 0
  }
]