[
  {
    "id": "800fcfc3-83aa-4f86-942b-fb29111a2003",
    "data": [
      {
        "text": "raise a defect",
        "userDefined": false
      }
    ],
    "isTemplate": false,
    "count": 0,
    "lang": "en",
    "updated": 0
  },
  {
    "id": "3d4218aa-36b4-4a46-8211-7818d0349f93",
    "data": [
      {
        "text": "logging issue",
        "userDefined": false
      }
    ],
    "isTemplate": false,
    "count": 0,
    "lang": "en",
    "updated": 0
  },
  {
    "id": "3a83fb13-6294-4174-bea5-9834bd7ceab8",
    "data": [
      {
        "text": "raise a ticket",
        "userDefined": false
      }
    ],
    "isTemplate": false,
    "count": 0,
    "lang": "en",
    "updated": 0
  },
  {
    "id": "f120f3b8-7fec-4a4a-92d2-35e1a1226e71",
    "data": [
      {
        "text": "record ticket",
        "userDefined": false
      }
    ],
    "isTemplate": false,
    "count": 0,
    "lang": "en",
    "updated": 0
  },
  {
    "id": "c1c7e921-4278-43ac-939e-3e64b2bf066b",
    "data": [
      {
        "text": "can you log ticket",
        "userDefined": false
      }
    ],
    "isTemplate": false,
    "count": 0,
    "lang": "en",
    "updated": 0
  },
  {
    "id": "934a8843-5096-4809-bec9-c79bcc666cfc",
    "data": [
      {
        "text": "log ticket",
        "userDefined": false
      }
    ],
    "isTemplate": false,
    "count": 0,
    "lang": "en",
    "updated": 0
  },
  {
    "id": "be99e952-52a5-4c7e-9cb1-92eb3041c3c6",
    "data": [
      {
        "text": "login ticket",
        "userDefined": false
      }
    ],
    "isTemplate": false,
    "count": 0,
    "lang": "en",
    "updated": 0
  }
]